Peptide Sequence	Modified Peptide	Peptide Length	Charges	Compensation Voltages	Label Count	Light Modified Peptide	Heavy Modified Peptide	Log2 Ratio HL	Best Pearson Correlation LH	Light Match Type	Heavy Match Type	Protein	Protein ID	Entry Name	Gene	Protein Description	Mapped Genes	Mapped Proteins
ASGVQVADEVCR	n[42.0106]ASGVQVADEVCR	12	2	-35	1	n[42.0106]ASGVQVADEVC[521.3074]R	n[42.0106]ASGVQVADEVC[527.3213]R	0.8978623469825808	0.98937255	requantify	MS/MS	sp|P60981|DEST_HUMAN	P60981	DEST_HUMAN	DSTN	Destrin		
AVCMLSNTTAIAEAWAR	AVCMLSNTTAIAEAWAR	17	2	-35	1	AVC[521.3074]MLSNTTAIAEAWAR	AVC[527.3213]MLSNTTAIAEAWAR	0.3860515290565065	0.99962693	MS/MS	requantify	sp|P68366|TBA4A_HUMAN	P68366	TBA4A_HUMAN	TUBA4A	Tubulin alpha-4A chain	TUBA1A, TUBA1B, TUBA3E, TUBA8	sp|P68363|TBA1B_HUMAN, sp|Q6PEY2|TBA3E_HUMAN, sp|Q71U36|TBA1A_HUMAN, sp|Q9NY65|TBA8_HUMAN
AYHEQLSVAEITNACFEPANQMVK	AYHEQLSVAEITNACFEPANQMVK	24	4	-55	1	AYHEQLSVAEITNAC[521.3074]FEPANQMVK	AYHEQLSVAEITNAC[527.3213]FEPANQMVK	0.6392825193323097	0.9997736	requantify	MS/MS	sp|P68366|TBA4A_HUMAN	P68366	TBA4A_HUMAN	TUBA4A	Tubulin alpha-4A chain	TUBA1A, TUBA1B, TUBA3E	sp|P68363|TBA1B_HUMAN, sp|Q6PEY2|TBA3E_HUMAN, sp|Q71U36|TBA1A_HUMAN
DDDIAALVVDNGSGMCK	n[42.0106]DDDIAALVVDNGSGMCK	17	2	-45	1	n[42.0106]DDDIAALVVDNGSGMC[521.3074]K	n[42.0106]DDDIAALVVDNGSGMC[527.3213]K	3.2456632423824043	0.8323484	requantify	MS/MS	sp|P60709|ACTB_HUMAN	P60709	ACTB_HUMAN	ACTB	Actin, cytoplasmic 1		
FRCPEALFQPSFLGMESCGIHETTFNSIMK	FRC[57.0215]PEALFQPSFLGMESCGIHETTFNSIM[15.9949]K	30	4	-45	1	FRC[57.0215]PEALFQPSFLGMESC[521.3074]GIHETTFNSIM[15.9949]K	FRC[57.0215]PEALFQPSFLGMESC[527.3213]GIHETTFNSIM[15.9949]K	0.5237990632596456	0.7753635	MS/MS	requantify	sp|P60709|ACTB_HUMAN	P60709	ACTB_HUMAN	ACTB	Actin, cytoplasmic 1	ACTG1	sp|P63261|ACTG_HUMAN
GCGTVLLSGPR	GCGTVLLSGPR	11	2	-45	1	GC[521.3074]GTVLLSGPR	GC[527.3213]GTVLLSGPR	0.5175224619507213	0.9747931	MS/MS	MS/MS	sp|Q07020|RL18_HUMAN	Q07020	RL18_HUMAN	RPL18	60S ribosomal protein L18		
GCTATLGNFAK	GCTATLGNFAK	11	2	-45;-35	1	GC[521.3074]TATLGNFAK	GC[527.3213]TATLGNFAK	0.5030040613201778	0.99511623	MS/MS	requantify	sp|P15880|RS2_HUMAN	P15880	RS2_HUMAN	RPS2	40S ribosomal protein S2		
HGEVCPAGWKPGSDTIKPDVQK	HGEVCPAGWKPGSDTIKPDVQK	22	4	-45	1	HGEVC[521.3074]PAGWKPGSDTIKPDVQK	HGEVC[527.3213]PAGWKPGSDTIKPDVQK	1.20608668690416	0.91008383	MS/MS	requantify	sp|Q06830|PRDX1_HUMAN	Q06830	PRDX1_HUMAN	PRDX1	Peroxiredoxin-1		
HGFCGIPITDTGR	HGFCGIPITDTGR	13	2	-45;-35	1	HGFC[521.3074]GIPITDTGR	HGFC[527.3213]GIPITDTGR	-0.7468157023299418	0.9673522	MS/MS	MS/MS	sp|P12268|IMDH2_HUMAN	P12268	IMDH2_HUMAN	IMPDH2	Inosine-5'-monophosphate dehydrogenase 2		
HRPQVAIICGSGLGGLTDKLTQAQIFDYGEIPNFPR	HRPQVAIICGSGLGGLTDKLTQAQIFDYGEIPNFPR	36	4;5	-45;-35	1	HRPQVAIIC[521.3074]GSGLGGLTDKLTQAQIFDYGEIPNFPR	HRPQVAIIC[527.3213]GSGLGGLTDKLTQAQIFDYGEIPNFPR	0.7042223494505488	0.99443704	MS/MS	requantify	sp|P00491|PNPH_HUMAN	P00491	PNPH_HUMAN	PNP	Purine nucleoside phosphorylase		
IISNASCTTNCLAPLAK	IISNASCTTNC[57.0215]LAPLAK	17	2	-35	1	IISNASC[521.3074]TTNC[57.0215]LAPLAK	IISNASC[527.3213]TTNC[57.0215]LAPLAK	-0.21428214366109305	0.46015173	MS/MS	MS/MS	sp|P04406|G3P_HUMAN	P04406	G3P_HUMAN	GAPDH	Glyceraldehyde-3-phosphate dehydrogenase		
IISNASCTTNCLAPLAKVIHDNFGIVEGLMTTVHAITATQK	IISNASC[57.0215]TTNCLAPLAKVIHDNFGIVEGLMTTVHAITATQK	41	5	-35	1	IISNASC[57.0215]TTNC[521.3074]LAPLAKVIHDNFGIVEGLMTTVHAITATQK	IISNASC[57.0215]TTNC[527.3213]LAPLAKVIHDNFGIVEGLMTTVHAITATQK	0.23054691069956348	0.9787508	requantify	MS/MS	sp|P04406|G3P_HUMAN	P04406	G3P_HUMAN	GAPDH	Glyceraldehyde-3-phosphate dehydrogenase		
KGLIAAICAGPTALLAHEIGFGSK	KGLIAAICAGPTALLAHEIGFGSK	24	4	-55;-45	1	KGLIAAIC[521.3074]AGPTALLAHEIGFGSK	KGLIAAIC[527.3213]AGPTALLAHEIGFGSK	1.8641284258627822	0.67788696	MS/MS	requantify	sp|Q99497|PARK7_HUMAN	Q99497	PARK7_HUMAN	PARK7	Protein/nucleic acid deglycase DJ-1		
LIEDDENSQCKITIVGTGAVGMACAISILLK	LIEDDENSQC[57.0215]KITIVGTGAVGM[15.9949]ACAISILLK	31	6	-45	1	LIEDDENSQC[57.0215]KITIVGTGAVGM[15.9949]AC[521.3074]AISILLK	LIEDDENSQC[57.0215]KITIVGTGAVGM[15.9949]AC[527.3213]AISILLK	4.998262703539905	0.4264095	requantify	MS/MS	sp|P07864|LDHC_HUMAN	P07864	LDHC_HUMAN	LDHC	L-lactate dehydrogenase C chain		
LVVPATQCGSLIGK	LVVPATQCGSLIGK	14	2	-35	1	LVVPATQC[521.3074]GSLIGK	LVVPATQC[527.3213]GSLIGK	0.7812057089125808	0.9932615	requantify	MS/MS	sp|Q15365|PCBP1_HUMAN	Q15365	PCBP1_HUMAN	PCBP1	Poly(rC)-binding protein 1		
NMMAACDPR	NM[15.9949]M[15.9949]AACDPR	9	2	-35	1	NM[15.9949]M[15.9949]AAC[521.3074]DPR	NM[15.9949]M[15.9949]AAC[527.3213]DPR	0.4125810878402129	0.99817383	MS/MS	requantify	sp|P07437|TBB5_HUMAN	P07437	TBB5_HUMAN	TUBB	Tubulin beta chain	TUBB2A, TUBB2B, TUBB3, TUBB4A, TUBB4B, TUBB6, TUBB8	sp|P04350|TBB4A_HUMAN, sp|P68371|TBB4B_HUMAN, sp|Q13509|TBB3_HUMAN, sp|Q13885|TBB2A_HUMAN, sp|Q3ZCM7|TBB8_HUMAN, sp|Q9BUF5|TBB6_HUMAN, sp|Q9BVA1|TBB2B_HUMAN
SIQFVDWCPTGFKVGINYQPPTVVPGGDLAK	SIQFVDWCPTGFKVGINYQPPTVVPGGDLAK	31	4	-55	1	SIQFVDWC[521.3074]PTGFKVGINYQPPTVVPGGDLAK	SIQFVDWC[527.3213]PTGFKVGINYQPPTVVPGGDLAK	0.5862216666592457	0.99917024	requantify	MS/MS	sp|P68366|TBA4A_HUMAN	P68366	TBA4A_HUMAN	TUBA4A	Tubulin alpha-4A chain	TUBA1B	sp|P68363|TBA1B_HUMAN
SRPSEAEEVPVSFDQPPEGSHLPCYNK	SRPSEAEEVPVSFDQPPEGSHLPCYNK	27	4	-45	1	SRPSEAEEVPVSFDQPPEGSHLPC[521.3074]YNK	SRPSEAEEVPVSFDQPPEGSHLPC[527.3213]YNK	0.5889084581771089	0.97153264	MS/MS	MS/MS	sp|Q6JBY9|CPZIP_HUMAN	Q6JBY9	CPZIP_HUMAN	RCSD1	CapZ-interacting protein		
STLTDSLVCK	STLTDSLVCK	10	2	-35	1	STLTDSLVC[521.3074]K	STLTDSLVC[527.3213]K	0.9325158384056745	0.9295608	MS/MS	requantify	sp|P13639|EF2_HUMAN	P13639	EF2_HUMAN	EEF2	Elongation factor 2		
TVLIACNVK	TVLIACNVK	9	2	-35	1	TVLIAC[521.3074]NVK	TVLIAC[527.3213]NVK	0.4874752580196246	0.96302164	MS/MS	requantify	sp|P25205|MCM3_HUMAN	P25205	MCM3_HUMAN	MCM3	DNA replication licensing factor MCM3		
VIISAPSADAPMFVMGVNHEKYDNSLKIISNASCTTNCLAPLAK	VIISAPSADAPMFVMGVNHEKYDNSLKIISNASCTTNC[57.0215]LAPLAK	44	5	-45	1	VIISAPSADAPMFVMGVNHEKYDNSLKIISNASC[521.3074]TTNC[57.0215]LAPLAK	VIISAPSADAPMFVMGVNHEKYDNSLKIISNASC[527.3213]TTNC[57.0215]LAPLAK	0.646279631388255	0.83755326	MS/MS	requantify	sp|P04406|G3P_HUMAN	P04406	G3P_HUMAN	GAPDH	Glyceraldehyde-3-phosphate dehydrogenase		
YGIICMEDLIHEIYTVGKR	YGIICMEDLIHEIYTVGKR	19	4	-55;-45	1	YGIIC[521.3074]MEDLIHEIYTVGKR	YGIIC[527.3213]MEDLIHEIYTVGKR	0.5964987281674209	0.99970466	MS/MS	MS/MS	sp|P18124|RL7_HUMAN	P18124	RL7_HUMAN	RPL7	60S ribosomal protein L7		
YLECSALTQR	YLECSALTQR	10	2	-35	1	YLEC[521.3074]SALTQR	YLEC[527.3213]SALTQR	0.6870009866922526	0.9915724	requantify	MS/MS	sp|P15153|RAC2_HUMAN	P15153	RAC2_HUMAN	RAC2	Ras-related C3 botulinum toxin substrate 2	RAC1, RAC3	sp|P60763|RAC3_HUMAN, sp|P63000|RAC1_HUMAN
